{
  "accuracy": 0.7348668280871671,
  "n": 14042,
  "name": "int4_gptq",
  "per_subject": {
    "abstract_algebra": 0.54,
    "anatomy": 0.6444444444444445,
    "astronomy": 0.8486842105263158,
    "business_ethics": 0.79,
    "clinical_knowledge": 0.8150943396226416,
    "college_biology": 0.875,
    "college_chemistry": 0.48,
    "college_computer_science": 0.71,
    "college_mathematics": 0.46,
    "college_medicine": 0.7456647398843931,
    "college_physics": 0.49019607843137253,
    "computer_security": 0.78,
    "conceptual_physics": 0.8085106382978723,
    "econometrics": 0.6403508771929824,
    "electrical_engineering": 0.6827586206896552,
    "elementary_mathematics": 0.7486772486772487,
    "formal_logic": 0.6111111111111112,
    "global_facts": 0.49,
    "high_school_biology": 0.8774193548387097,
    "high_school_chemistry": 0.6354679802955665,
    "high_school_computer_science": 0.86,
    "high_school_european_history": 0.8181818181818182,
    "high_school_geography": 0.8787878787878788,
    "high_school_government_and_politics": 0.9222797927461139,
    "high_school_macroeconomics": 0.7948717948717948,
    "high_school_mathematics": 0.4111111111111111,
    "high_school_microeconomics": 0.8739495798319328,
    "high_school_physics": 0.6622516556291391,
    "high_school_psychology": 0.8880733944954129,
    "high_school_statistics": 0.7592592592592593,
    "high_school_us_history": 0.8774509803921569,
    "high_school_world_history": 0.8776371308016878,
    "human_aging": 0.7085201793721974,
    "human_sexuality": 0.8091603053435115,
    "international_law": 0.7933884297520661,
    "jurisprudence": 0.8055555555555556,
    "logical_fallacies": 0.852760736196319,
    "machine_learning": 0.5714285714285714,
    "management": 0.8640776699029126,
    "marketing": 0.8974358974358975,
    "medical_genetics": 0.85,
    "miscellaneous": 0.8633461047254151,
    "moral_disputes": 0.7283236994219653,
    "moral_scenarios": 0.5910614525139665,
    "nutrition": 0.7941176470588235,
    "philosophy": 0.7684887459807074,
    "prehistory": 0.8271604938271605,
    "professional_accounting": 0.6170212765957447,
    "professional_law": 0.5352020860495437,
    "professional_medicine": 0.8235294117647058,
    "professional_psychology": 0.7761437908496732,
    "public_relations": 0.7272727272727273,
    "security_studies": 0.7714285714285715,
    "sociology": 0.8805970149253731,
    "us_foreign_policy": 0.88,
    "virology": 0.5060240963855421,
    "world_religions": 0.8421052631578947
  },
  "task": "mmlu"
}