{
  "accuracy": 0.7480415895171628,
  "n": 14042,
  "name": "w8a8",
  "per_subject": {
    "abstract_algebra": 0.59,
    "anatomy": 0.7555555555555555,
    "astronomy": 0.875,
    "business_ethics": 0.76,
    "clinical_knowledge": 0.7924528301886793,
    "college_biology": 0.8819444444444444,
    "college_chemistry": 0.49,
    "college_computer_science": 0.68,
    "college_mathematics": 0.46,
    "college_medicine": 0.7341040462427746,
    "college_physics": 0.5392156862745098,
    "computer_security": 0.81,
    "conceptual_physics": 0.8127659574468085,
    "econometrics": 0.6228070175438597,
    "electrical_engineering": 0.7034482758620689,
    "elementary_mathematics": 0.7724867724867724,
    "formal_logic": 0.626984126984127,
    "global_facts": 0.51,
    "high_school_biology": 0.8935483870967742,
    "high_school_chemistry": 0.6502463054187192,
    "high_school_computer_science": 0.9,
    "high_school_european_history": 0.8303030303030303,
    "high_school_geography": 0.9040404040404041,
    "high_school_government_and_politics": 0.9378238341968912,
    "high_school_macroeconomics": 0.8333333333333334,
    "high_school_mathematics": 0.29259259259259257,
    "high_school_microeconomics": 0.8907563025210085,
    "high_school_physics": 0.6688741721854304,
    "high_school_psychology": 0.8954128440366973,
    "high_school_statistics": 0.7407407407407407,
    "high_school_us_history": 0.8872549019607843,
    "high_school_world_history": 0.8987341772151899,
    "human_aging": 0.7354260089686099,
    "human_sexuality": 0.8473282442748091,
    "international_law": 0.8264462809917356,
    "jurisprudence": 0.7962962962962963,
    "logical_fallacies": 0.8834355828220859,
    "machine_learning": 0.6339285714285714,
    "management": 0.8640776699029126,
    "marketing": 0.9017094017094017,
    "medical_genetics": 0.88,
    "miscellaneous": 0.8773946360153256,
    "moral_disputes": 0.7514450867052023,
    "moral_scenarios": 0.6324022346368715,
    "nutrition": 0.8169934640522876,
    "philosophy": 0.7813504823151125,
    "prehistory": 0.845679012345679,
    "professional_accounting": 0.6418439716312057,
    "professional_law": 0.5378096479791395,
    "professional_medicine": 0.8272058823529411,
    "professional_psychology": 0.7826797385620915,
    "public_relations": 0.7818181818181819,
    "security_studies": 0.8081632653061225,
    "sociology": 0.8606965174129353,
    "us_foreign_policy": 0.9,
    "virology": 0.5180722891566265,
    "world_religions": 0.8362573099415205
  },
  "task": "mmlu"
}