{
  "accuracy": 0.7558752314485117,
  "n": 14042,
  "name": "fp16",
  "per_subject": {
    "abstract_algebra": 0.61,
    "anatomy": 0.7555555555555555,
    "astronomy": 0.875,
    "business_ethics": 0.78,
    "clinical_knowledge": 0.8301886792452831,
    "college_biology": 0.8680555555555556,
    "college_chemistry": 0.5,
    "college_computer_science": 0.72,
    "college_mathematics": 0.47,
    "college_medicine": 0.7630057803468208,
    "college_physics": 0.5686274509803921,
    "computer_security": 0.79,
    "conceptual_physics": 0.825531914893617,
    "econometrics": 0.6228070175438597,
    "electrical_engineering": 0.6896551724137931,
    "elementary_mathematics": 0.798941798941799,
    "formal_logic": 0.6507936507936508,
    "global_facts": 0.53,
    "high_school_biology": 0.8870967741935484,
    "high_school_chemistry": 0.6551724137931034,
    "high_school_computer_science": 0.9,
    "high_school_european_history": 0.8303030303030303,
    "high_school_geography": 0.8888888888888888,
    "high_school_government_and_politics": 0.9430051813471503,
    "high_school_macroeconomics": 0.823076923076923,
    "high_school_mathematics": 0.362962962962963,
    "high_school_microeconomics": 0.8907563025210085,
    "high_school_physics": 0.695364238410596,
    "high_school_psychology": 0.8954128440366973,
    "high_school_statistics": 0.7361111111111112,
    "high_school_us_history": 0.8921568627450981,
    "high_school_world_history": 0.890295358649789,
    "human_aging": 0.7354260089686099,
    "human_sexuality": 0.8473282442748091,
    "international_law": 0.8264462809917356,
    "jurisprudence": 0.8240740740740741,
    "logical_fallacies": 0.8895705521472392,
    "machine_learning": 0.6160714285714286,
    "management": 0.8446601941747572,
    "marketing": 0.9102564102564102,
    "medical_genetics": 0.88,
    "miscellaneous": 0.8812260536398467,
    "moral_disputes": 0.7485549132947977,
    "moral_scenarios": 0.6458100558659218,
    "nutrition": 0.8169934640522876,
    "philosophy": 0.797427652733119,
    "prehistory": 0.8487654320987654,
    "professional_accounting": 0.6453900709219859,
    "professional_law": 0.5469361147327249,
    "professional_medicine": 0.8345588235294118,
    "professional_psychology": 0.7941176470588235,
    "public_relations": 0.7545454545454545,
    "security_studies": 0.8081632653061225,
    "sociology": 0.8955223880597015,
    "us_foreign_policy": 0.89,
    "virology": 0.536144578313253,
    "world_religions": 0.8596491228070176
  },
  "task": "mmlu"
}