{
  "accuracy": 0.7560176613018088,
  "n": 14042,
  "name": "int8_w",
  "per_subject": {
    "abstract_algebra": 0.6,
    "anatomy": 0.7407407407407407,
    "astronomy": 0.875,
    "business_ethics": 0.77,
    "clinical_knowledge": 0.8301886792452831,
    "college_biology": 0.875,
    "college_chemistry": 0.5,
    "college_computer_science": 0.73,
    "college_mathematics": 0.46,
    "college_medicine": 0.7687861271676301,
    "college_physics": 0.5784313725490197,
    "computer_security": 0.8,
    "conceptual_physics": 0.825531914893617,
    "econometrics": 0.6403508771929824,
    "electrical_engineering": 0.6896551724137931,
    "elementary_mathematics": 0.7936507936507936,
    "formal_logic": 0.6428571428571429,
    "global_facts": 0.52,
    "high_school_biology": 0.8870967741935484,
    "high_school_chemistry": 0.6650246305418719,
    "high_school_computer_science": 0.9,
    "high_school_european_history": 0.8242424242424242,
    "high_school_geography": 0.8838383838383839,
    "high_school_government_and_politics": 0.9378238341968912,
    "high_school_macroeconomics": 0.8256410256410256,
    "high_school_mathematics": 0.36666666666666664,
    "high_school_microeconomics": 0.8865546218487395,
    "high_school_physics": 0.7019867549668874,
    "high_school_psychology": 0.8917431192660551,
    "high_school_statistics": 0.7407407407407407,
    "high_school_us_history": 0.8823529411764706,
    "high_school_world_history": 0.8945147679324894,
    "human_aging": 0.7354260089686099,
    "human_sexuality": 0.8473282442748091,
    "international_law": 0.8264462809917356,
    "jurisprudence": 0.8333333333333334,
    "logical_fallacies": 0.8895705521472392,
    "machine_learning": 0.625,
    "management": 0.8446601941747572,
    "marketing": 0.9145299145299145,
    "medical_genetics": 0.86,
    "miscellaneous": 0.8812260536398467,
    "moral_disputes": 0.7514450867052023,
    "moral_scenarios": 0.6525139664804469,
    "nutrition": 0.8169934640522876,
    "philosophy": 0.797427652733119,
    "prehistory": 0.8518518518518519,
    "professional_accounting": 0.648936170212766,
    "professional_law": 0.5449804432855281,
    "professional_medicine": 0.8345588235294118,
    "professional_psychology": 0.7973856209150327,
    "public_relations": 0.7545454545454545,
    "security_studies": 0.8,
    "sociology": 0.8855721393034826,
    "us_foreign_policy": 0.89,
    "virology": 0.536144578313253,
    "world_religions": 0.8596491228070176
  },
  "task": "mmlu"
}